<?xml version="1.0" encoding="UTF-8"?>
<project-private xmlns="http://www.netbeans.org/ns/project-private/1">
    <editor-bookmarks xmlns="http://www.netbeans.org/ns/editor-bookmarks/2" lastBookmarkId="0"/>
    <open-files xmlns="http://www.netbeans.org/ns/projectui-open-files/2">
        <group>
            <file>file:/C:/Users/HP/Documents/NetBeansProjects/GPSAttendanceTrackerWebApp/web/checkin_outcome.jsp</file>
            <file>file:/C:/Users/HP/Documents/NetBeansProjects/GPSAttendanceTrackerWebApp/web/file_not_dound_error.jsp</file>
            <file>file:/C:/Users/HP/Documents/NetBeansProjects/GPSAttendanceTrackerWebApp/web/null_pointer_error.jsp</file>
            <file>file:/C:/Users/HP/Documents/NetBeansProjects/GPSAttendanceTrackerWebApp/web/checkout_outcome.jsp</file>
            <file>file:/C:/Users/HP/Documents/NetBeansProjects/GPSAttendanceTrackerWebApp/src/java/za/ac/tut/web/CheckOutServlet.java</file>
            <file>file:/C:/Users/HP/Documents/NetBeansProjects/GPSAttendanceTrackerWebApp/web/index.html</file>
            <file>file:/C:/Users/HP/Documents/NetBeansProjects/GPSAttendanceTrackerWebApp/web/check_out.jsp</file>
            <file>file:/C:/Users/HP/Documents/NetBeansProjects/GPSAttendanceTrackerWebApp/web/check_in.jsp</file>
            <file>file:/C:/Users/HP/Documents/NetBeansProjects/GPSAttendanceTrackerWebApp/src/java/za/ac/tut/web/LogoutServlet.java</file>
            <file>file:/C:/Users/HP/Documents/NetBeansProjects/GPSAttendanceTrackerWebApp/web/record.jsp</file>
            <file>file:/C:/Users/HP/Documents/NetBeansProjects/GPSAttendanceTrackerWebApp/web/WEB-INF/web.xml</file>
            <file>file:/C:/Users/HP/Documents/NetBeansProjects/GPSAttendanceTrackerWebApp/web/view_record_outcome.jsp</file>
            <file>file:/C:/Users/HP/Documents/NetBeansProjects/GPSAttendanceTrackerWebApp/src/java/za/ac/tut/web/CheckInServlet.java</file>
            <file>file:/C:/Users/HP/Documents/NetBeansProjects/GPSAttendanceTrackerWebApp/src/java/za/ac/tut/web/ViewRecordServlet.java</file>
        </group>
    </open-files>
</project-private>
